{
    "curved_plat_na_1": {
        "name": "Platform NA1",
        "model": "mtrsteamloco:models/curved_plat/na_1/na_1.obj",
        "yOffset": 0.5,
        "flipV": true,
        "repeatInterval": 0.95
    },
    "curved_plat_na_1_indented": {
        "name": "Platform NA1/Indented",
        "model": "mtrsteamloco:models/curved_plat/na_1/na_1_indented.obj",
        "flipV": true,
        "yOffset": 0.5,
        "repeatInterval": 0.95
    },
    "curved_plat_na_1_slab_bottom": {
        "name": "Platform NA1/SlabLow",
        "model": "mtrsteamloco:models/curved_plat/na_1/na_1_slab_bottom.obj",
        "flipV": true,
        "repeatInterval": 0.95
    },
    "curved_plat_na_1_slab_top": {
        "name": "Platform NA1/SlabHigh",
        "model": "mtrsteamloco:models/curved_plat/na_1/na_1_slab_top.obj",
        "flipV": true,
        "repeatInterval": 0.95
    },
    "curved_plat_na_1_flipped": {
        "name": "Platform NA1 [Flipped]",
        "model": "mtrsteamloco:models/curved_plat/na_1/na_1_flipped.obj",
        "yOffset": 0.5,
        "flipV": true,
        "repeatInterval": 0.95
    },
    "curved_plat_na_1_indented_flipped": {
        "name": "Platform NA1/Indented [Flipped]",
        "model": "mtrsteamloco:models/curved_plat/na_1/na_1_indented_flipped.obj",
        "flipV": true,
        "yOffset": 0.5,
        "repeatInterval": 0.95
    },
    "curved_plat_na_1_slab_bottom_flipped": {
        "name": "Platform NA1/SlabLow [Flipped]",
        "model": "mtrsteamloco:models/curved_plat/na_1/na_1_slab_bottom_flipped.obj",
        "flipV": true,
        "repeatInterval": 0.95
    },
    "curved_plat_na_1_slab_top_flipped": {
        "name": "Platform NA1/SlabHigh [Flipped]",
        "model": "mtrsteamloco:models/curved_plat/na_1/na_1_slab_top_flipped.obj",
        "flipV": true,
        "repeatInterval": 0.95
    }
}
