{
    "curved_plat_hk_1": {
        "name": "Platform HK",
        "model": "mtrsteamloco:models/curved_plat/hk_1/hk_1.obj",
        "yOffset": 0.5,
        "flipV": true,
        "repeatInterval": 0.95
    },
    "curved_plat_hk_1_indented": {
        "name": "Platform HK/Indented",
        "model": "mtrsteamloco:models/curved_plat/hk_1/hk_1_indented.obj",
        "flipV": true,
        "yOffset": 0.5,
        "repeatInterval": 0.95
    },
    "curved_plat_hk_1_slab_bottom": {
        "name": "Platform HK/SlabLow",
        "model": "mtrsteamloco:models/curved_plat/hk_1/hk_1_slab_bottom.obj",
        "flipV": true,
        "repeatInterval": 0.95
    },
    "curved_plat_hk_1_slab_top": {
        "name": "Platform HK/SlabHigh",
        "model": "mtrsteamloco:models/curved_plat/hk_1/hk_1_slab_top.obj",
        "flipV": true,
        "repeatInterval": 0.95
    },
    "curved_plat_hk_1_flipped": {
        "name": "Platform HK [Flipped]",
        "model": "mtrsteamloco:models/curved_plat/hk_1/hk_1_flipped.obj",
        "yOffset": 0.5,
        "flipV": true,
        "repeatInterval": 0.95
    },
    "curved_plat_hk_1_indented_flipped": {
        "name": "Platform HK/Indented [Flipped]",
        "model": "mtrsteamloco:models/curved_plat/hk_1/hk_1_indented_flipped.obj",
        "flipV": true,
        "yOffset": 0.5,
        "repeatInterval": 0.95
    },
    "curved_plat_hk_1_slab_bottom_flipped": {
        "name": "Platform HK/SlabLow [Flipped]",
        "model": "mtrsteamloco:models/curved_plat/hk_1/hk_1_slab_bottom_flipped.obj",
        "flipV": true,
        "repeatInterval": 0.95
    },
    "curved_plat_hk_1_slab_top_flipped": {
        "name": "Platform HK/SlabHigh [Flipped]",
        "model": "mtrsteamloco:models/curved_plat/hk_1/hk_1_slab_top_flipped.obj",
        "flipV": true,
        "repeatInterval": 0.95
    }
}
