{
    "psd_door": {
        "name": "Platform Screen Door (TML)",
        "translation": [ 0, 0, 0 ],
        "rotation": [ 0, 0, 0 ],
        "scale": [ 1, 1, 1 ],
        "model": "mtr:custom_directory/js/eyecandy/psd/placement/psd_top.csv",
        "scriptTexts": ["const targetPlat = \"auto\""],
        "scriptFiles": ["mtr:custom_directory/js/eyecandy/psd/door.js"],
        "mirror": [ false, false, false ]
    },
    "psd_door_p1": {
        "name": "Platform Screen Door (TML) (P1)",
        "translation": [ 0, 0, 0 ],
        "rotation": [ 0, 0, 0 ],
        "scale": [ 1, 1, 1 ],
        "model": "mtr:custom_directory/js/eyecandy/psd/placement/psd_top.csv",
        "scriptTexts": ["const targetPlat = \"1\""],
        "scriptFiles": ["mtr:custom_directory/js/eyecandy/psd/door.js"],
        "mirror": [ false, false, false ]
    },
    "psd_door_p2": {
        "name": "Platform Screen Door (TML) (P2)",
        "translation": [ 0, 0, 0 ],
        "rotation": [ 0, 0, 0 ],
        "scale": [ 1, 1, 1 ],
        "model": "mtr:custom_directory/js/eyecandy/psd/placement/psd_top.csv",
        "scriptTexts": ["const targetPlat = \"2\""],
        "scriptFiles": ["mtr:custom_directory/js/eyecandy/psd/door.js"],
        "mirror": [ false, false, false ]
    },
    "psd_glass_1": {
        "name": "Platform Screen Glass (1, TML)",
        "translation": [ 0, 0, 0 ],
        "rotation": [ 0, 0, 0 ],
        "scale": [ 1, 1, 1 ],
        "model": "mtr:custom_directory/js/eyecandy/psd/placement/glass_1.csv",
        "mirror": [ false, false, false ]
    },
    "psd_glass_2": {
        "name": "Platform Screen Glass (2, TML)",
        "translation": [ 0, 0, 0 ],
        "rotation": [ 0, 0, 0 ],
        "scale": [ 1, 1, 1 ],
        "model": "mtr:custom_directory/js/eyecandy/psd/placement/glass_2.csv",
        "mirror": [ false, false, false ]
    }
}
