;; Right ;;
CreateMeshBuilder,
AddVertex,1,0,-0.265, 0,1,0
AddVertex,1,2,-0.265, 0,1,0
AddVertex,-1,2,-0.265, 0,1,0
AddVertex,-1,0,-0.265, 0,1,0
AddFace,0,1,2,3
LoadTexture, glass_2.png
SetTextureCoordinates, 0,0,1
SetTextureCoordinates, 1,0,0
SetTextureCoordinates, 2,1,0
SetTextureCoordinates, 3,1,1

;; Back ;;
CreateMeshBuilder,
AddVertex,-1,0,-0.39, 0,1,0
AddVertex,-1,2,-0.39, 0,1,0
AddVertex,1,2,-0.39, 0,1,0
AddVertex,1,0,-0.39, 0,1,0
AddFace,0,1,2,3
LoadTexture, glass_2.png
SetColor, 0, 0, 0
SetTextureCoordinates, 0,1,1
SetTextureCoordinates, 1,1,0
SetTextureCoordinates, 2,0,0
SetTextureCoordinates, 3,0,1

CreateMeshBuilder,
AddVertex,1,0,-0.39, 0,1,0
AddVertex,1,2,-0.39, 0,1,0
AddVertex,1,2,-0.265, 0,1,0
AddVertex,1,0,-0.265, 0,1,0

AddVertex,-1,0,-0.265, 0,1,0
AddVertex,-1,2,-0.265, 0,1,0
AddVertex,-1,2,-0.39, 0,1,0
AddVertex,-1,0,-0.39, 0,1,0
AddFace,0,1,2,3
AddFace,4,5,6,7
SetColor,140,140,140
SetTextureCoordinates, 0,0,1
SetTextureCoordinates, 1,0,0
SetTextureCoordinates, 2,1,0
SetTextureCoordinates, 3,1,1

;; PSD TOP ;;
CreateMeshBuilder,
AddVertex,1,2.065,-0.125
AddVertex,1,3,-0.125
AddVertex,-1,3,-0.125
AddVertex,-1,2.065,-0.125

AddVertex,1,2.02,-0.145
AddVertex,1,2.065,-0.125
AddVertex,-1,2.065,-0.125
AddVertex,-1,2.02,-0.145

AddVertex,1,2.0,-0.18
AddVertex,1,2.02,-0.145
AddVertex,-1,2.02,-0.145
AddVertex,-1,2.0,-0.18

AddVertex,1,2.0,-0.5
AddVertex,1,2.0,-0.18
AddVertex,-1,2.0,-0.18
AddVertex,-1,2.0,-0.5
AddFace,0,1,2,3
AddFace,4,5,6,7
AddFace,8,9,10,11
AddFace,12,13,14,15
LoadTexture, psd_top.png
SetTextureCoordinates, 0,0,1
SetTextureCoordinates, 1,0,0
SetTextureCoordinates, 2,1,0
SetTextureCoordinates, 3,1,1

;; Top ;;
CreateMeshBuilder,
AddVertex,-1,3,-0.5
AddVertex,-1,3,-0.125
AddVertex,1,3,-0.125
AddVertex,1,3,-0.5
AddFace,0,1,2,3
LoadTexture, psd_top.png
SetTextureCoordinates, 0,0,0.2
SetTextureCoordinates, 1,0,0
SetTextureCoordinates, 2,1,0
SetTextureCoordinates, 3,1,0.2

CreateMeshBuilder,
AddVertex,-1,2,-0.5
AddVertex,-1,3,-0.5
AddVertex,1,3,-0.5
AddVertex,1,2,-0.5
AddFace,0,1,2,3
LoadTexture, psd_top.png
SetTextureCoordinates, 0,0,1
SetTextureCoordinates, 1,0,0
SetTextureCoordinates, 2,1,0
SetTextureCoordinates, 3,1,1

;; Side ;;
CreateMeshBuilder,
AddVertex,1,3,-0.5
AddVertex,1,3,-0.125
AddVertex,1,2.065,-0.125
AddVertex,1,2.065,-0.5

AddVertex,1,2.02,-0.145
AddVertex,1,2.02,-0.5

AddVertex,1,2,-0.5
AddVertex,1,2,-0.18

AddFace,0,1,2,3
AddFace,3,2,4,5
AddFace,6,5,4,7
LoadTexture, psd_top.png
SetTextureCoordinates, 0,0,0
SetTextureCoordinates, 1,1,0
SetTextureCoordinates, 2,1,1
SetTextureCoordinates, 3,0,1
SetTextureCoordinates, 4,1,1
SetTextureCoordinates, 5,0,1
SetTextureCoordinates, 6,1,1
SetTextureCoordinates, 7,0,1

CreateMeshBuilder,
AddVertex,-1,3,-0.125
AddVertex,-1,3,-0.5
AddVertex,-1,2.065,-0.5
AddVertex,-1,2.065,-0.125

AddVertex,-1,2.02,-0.5
AddVertex,-1,2.02,-0.145

AddVertex,-1,2,-0.18
AddVertex,-1,2,-0.5

AddFace,0,1,2,3
AddFace,3,2,4,5
AddFace,6,5,4,7
LoadTexture, psd_top.png
SetTextureCoordinates, 0,0,0
SetTextureCoordinates, 1,1,0
SetTextureCoordinates, 2,1,1
SetTextureCoordinates, 3,0,1
SetTextureCoordinates, 4,1,1
SetTextureCoordinates, 5,0,1
SetTextureCoordinates, 6,1,1
SetTextureCoordinates, 7,0,1